source,panPixels,motionPixels,nrEvaluated,reset,meanRgbCorrection,warpedMeanRgbDifference,meanR,meanG,meanB,sourceR,sourceG,sourceB,outputSha256
1,0,0,1,1,2.39661,0,103.955,94.2961,80.0542,106.233,96.7795,82.3239,e8de4ff9e705d6e6f4a4ec3e6331f879b1afd5a55be48884e3f75033dd798d84
2,0,0,1,0,2.55594,0.238528,103.797,94.1538,79.8415,106.233,96.7795,82.3239,eefc1e3ce68bae77724e1df6517a5a784336398ab4278a29d84fd5ad3f996474
3,0,0,1,0,2.81296,0.294764,103.488,93.885,79.6274,106.233,96.7795,82.3239,1dcf55ff55bbb23f615b456d86db560381a05bae238dc47554accd5386a9902c
4,0,0,1,0,2.83764,0.176014,103.448,93.8483,79.6338,106.233,96.7795,82.3239,2bf9085e3c1353cff027897289d144d3f1e24addc1fd25b03ed130e9cbd1d72d
5,0,0,1,0,2.88112,0.174903,103.508,93.826,79.483,106.233,96.7795,82.3239,1209f6a973496ef826b04b2cb313e9f4fb953d9f6a5721283e3f7339c754fad8
6,0,0,1,0,3.05215,0.23375,103.21,93.6428,79.3705,106.233,96.7795,82.3239,eb1ba2678b56c56af30d5fab8a8a24bd3ddbf5308d6ac6bfe06f6e2c260b6e1a
7,0,0,1,0,2.8444,0.254222,103.469,93.8598,79.5824,106.233,96.7795,82.3239,1436f54cfbd0fe3bac0a910418c38b0abaaa58e4b790fe8870f6424046058e55
8,0,0,1,0,2.99953,0.239903,103.373,93.7168,79.4265,106.233,96.7795,82.3239,aedfbeefd52b467d4479ecf7f42f78cf3864a4507266cf3038aec120a1431cc0
9,0,0,1,0,3.08607,0.186097,103.27,93.6305,79.304,106.233,96.7795,82.3239,f8c6dd46de5c523243875e581ed964ff0a943d77fc3896ca4b036e51395015c3
10,0,0,1,0,2.96342,0.201903,103.294,93.7631,79.5159,106.233,96.7795,82.3239,32d1f2e56a28d3c097e1c0009279318549528d3eff927e5ada336759e1599c2f
11,0,0,1,0,2.89074,0.166792,103.428,93.8283,79.5458,106.233,96.7795,82.3239,c50365355289f2595d240d4a6a0f6e076d3336a9bcb09844febbfd19c1920789
12,0,0,1,0,2.88803,0.162069,103.406,93.833,79.5794,106.233,96.7795,82.3239,f13ddea8fb87ca6eb549dfa98869920dd1eefa5058982b13c0a762b643a9d3a7
13,0,0,1,0,2.8924,0.165208,103.385,93.8199,79.5915,106.233,96.7795,82.3239,f278edc735e158be4da1206b0f9f63dfba878b44772dc9428f4c2db6cbb5992b
14,0,0,1,0,2.75158,0.201153,103.587,93.9665,79.6684,106.233,96.7795,82.3239,b553b7d14b0f00510036f514e6718cf6e3e1a83be5fd132724086fa214f01ee8
15,0,0,1,0,2.94272,0.224333,103.421,93.7987,79.4317,106.233,96.7795,82.3239,204d92b26456075dfabc9bdb17d84644534ab5679ab13d9f58131b9fe5f599c4
16,0,0,1,0,2.87304,0.207625,103.334,93.8358,79.6045,106.233,96.7795,82.3239,957b1fd25642a8cf991b95ec4073d43e04fc65e971e985f2678bd8b2ff48a0ea
17,0,0,1,0,2.88963,0.184667,103.381,93.8246,79.6118,106.233,96.7795,82.3239,f72c3900e0cc24be2b43da575a542f1f9abffd9d80be98d8cb23394583aa67bd
18,0,0,1,0,2.8366,0.166972,103.46,93.9045,79.6465,106.233,96.7795,82.3239,13da6208d341943c82d04cec41327f1bb85368447ea04efb3197f6102c7e3d6b
19,0,0,1,0,2.84071,0.160083,103.462,93.8901,79.645,106.233,96.7795,82.3239,45b9bd562079d6e00e8496d715a437d3096c8c0695663b3ad9613f61d78e20a0
20,0,0,1,0,2.89851,0.178417,103.347,93.8145,79.6047,106.233,96.7795,82.3239,f01a9bf083b4180387af7a828916b83d74bdc1dbbf809df3ebb63726def2e803
21,0,0,1,0,2.96726,0.182194,103.404,93.7731,79.4011,106.233,96.7795,82.3239,709687f7b3dc625ecd1710e7f62d55b627743b2ccb478e323869011f61d21712
22,0,0,1,0,3.02314,0.168403,103.24,93.6808,79.4538,106.233,96.7795,82.3239,1703d1b2c88a8f2f2e6fa7fc446bf7d77ac760f501797983d29abeafe7fff5e4
23,0,0,1,0,2.94896,0.175653,103.367,93.7776,79.4867,106.233,96.7795,82.3239,98a585acee93ee47ad8ae1d7bff253bdc402f161c5e5e282ef38353d45391b83
24,0,0,1,0,2.87568,0.180417,103.402,93.8467,79.6088,106.233,96.7795,82.3239,d2aa9cc2435658eb1b23f10337576cb0e2ecc16ba0654728909303414c44551a
25,0,0,1,0,2.75514,0.194125,103.574,93.9675,79.6933,106.233,96.7795,82.3239,a77ade1c3c4b39b031314c3c2c6f844dcb59c6f67435319dc67f2ff8c1df5e31
26,0,0,1,0,3.04389,0.324444,103.232,93.6539,79.4087,106.233,96.7795,82.3239,b7f93e54428d07a414482849cac83cc80c45463f6c57844307a20c58f0c7135b
27,0,0,1,0,2.6885,0.386,103.714,94.0385,79.663,106.233,96.7795,82.3239,ec352842161dab87ea51f5bbfe784b5af5b2ba664d6f06e257a94b2461cd58cf
28,0,0,1,0,2.55437,0.210569,103.907,94.1816,79.7806,106.233,96.7795,82.3239,4dd1b0cf1e70558e497ec94903ca48d25d8d51308221fe832e34001c57d2f731
29,0,0,1,0,2.90079,0.376556,103.473,93.8044,79.4852,106.233,96.7795,82.3239,4bcb212f71534e6fb50557bd0ff8da84aa990bf354721e95b51f78baf7abb7b2
30,0,0,1,0,2.83642,0.173819,103.551,93.8732,79.535,106.233,96.7795,82.3239,39ef5483ae612d0c39e413c06c30111d3b8f6c3984e0c8a448f049031c64e61b
31,0,0,1,0,2.95199,0.181375,103.372,93.7479,79.4654,106.233,96.7795,82.3239,f3e54af4a7249e4da8250d2599e02dcb3c054c808d7b164a46d48bff59422470
32,0,0,1,0,2.89351,0.16125,103.405,93.7955,79.5528,106.233,96.7795,82.3239,e5a95b4916c5b7fac38e7e815f4909875b4b29b8ba71feb4b15918beb7bf5f56
33,0,0,1,0,3.03544,0.195542,103.26,93.6589,79.4035,106.233,96.7795,82.3239,67ad53b069b0cbbdd185dff2b39772c022df985eb4d8527267df6fe1a9672d53
34,0,0,1,0,2.75251,0.323958,103.556,93.9854,79.7075,106.233,96.7795,82.3239,52e63d232d22baf13adcd8b5040593719ffb18f637cef0c20c7d03d100e241eb
35,0,0,1,0,2.83185,0.178278,103.469,93.888,79.645,106.233,96.7795,82.3239,22d407adc55d7188e2c9b1e4ae0cc7d4589ab908dc04b1c973dbf7ba906195d1
36,0,0,1,0,2.86247,0.179125,103.403,93.8494,79.5915,106.233,96.7795,82.3239,cc35e768eb1a0d316924a0ef8ef76a5586dbeec970964246e9ebfbd7cd4ebf4c
37,0,0,1,0,2.81774,0.180014,103.574,93.873,79.573,106.233,96.7795,82.3239,7d6ec0379252da94fa470a0d73c4d0604bd76193c15ce524f284c7e4266e2e67
38,0,0,1,0,2.70578,0.191486,103.641,94.0211,79.7288,106.233,96.7795,82.3239,eea5eb92b56c53477a7d04a5619ae958cc05c8390f9afb611b5b12c86b3075e8
39,0,0,1,0,2.76412,0.173875,103.595,93.9313,79.6646,106.233,96.7795,82.3239,d1f915ec46f7ec1934fe0f766aa6b0aa276caeb2e8eb3f31e0bac12d64f1abd6
40,0,0,1,0,2.80229,0.165139,103.585,93.9357,79.6002,106.233,96.7795,82.3239,7cb0987288d7b5ea67d594dfc7473a73598ddfb11389898be4522acfde971c0e
41,0,0,1,0,1.90613,4.09806,106.608,98.2066,84.5997,106.233,96.7795,82.3239,e4e7e9a01b6649fda8fb1837df405831e3b3f49fa2d1816953d79ee918cff26c
42,0,0,1,0,3.02221,1.31239,107.337,99.4973,86.5157,106.233,96.7795,82.3239,362db04dadb620435de4ff828ac037b7513c645fc7ec66485cc650c53bc9b12e
43,0,0,1,0,3.31489,0.355153,107.484,99.8745,87.0201,106.233,96.7795,82.3239,f473885a45709ca41354ba1934ef799ba672ea61c88436717dc94192c1a69b54
44,0,0,1,0,3.70808,0.493694,107.896,100.375,87.5861,106.233,96.7795,82.3239,3ed2ca4f5df7ad59b86e4aff564786d87d156f16189e87306009c937c7551c9b
45,0,0,1,0,3.78107,0.198569,108.186,100.487,87.5372,106.233,96.7795,82.3239,ec304d23616033d7b9700917c1248d22bf2f3683d5581334e25709118ab30141
46,0,0,1,0,3.9464,0.212167,108.174,100.658,87.8765,106.233,96.7795,82.3239,f7b4c751d8ef06e2ebc0a998e74a9c58702855167e072a25ba934697d4950132
47,0,0,1,0,4.17557,0.273028,108.414,100.945,88.141,106.233,96.7795,82.3239,e9ff6f8c72c7f3b8c900cbbf9d1c5a9896456d3e7596f902ca94e712ee6a193a
48,0,0,1,0,4.23969,0.147903,108.521,100.993,88.2444,106.233,96.7795,82.3239,04d3f631b30c1ea193017c0ea02829e94ab9f6e6ddfae2882065d07e4bc47dcd
49,0,0,1,0,4.15671,0.138042,108.488,100.924,88.1301,106.233,96.7795,82.3239,defb33045d8aa51cbc6150f4d12a81851c6d3b28541953bee7cecf8da2966176
50,0,0,1,0,4.07658,0.120347,108.476,100.842,87.9826,106.233,96.7795,82.3239,94e02f24b8f5680c37ef5f80434c7daac90be53b2ee9289bdb80eb7b01986336
51,0,0,1,0,4.43853,0.389917,108.751,101.252,88.4624,106.233,96.7795,82.3239,78c96badc91c144cc857318b3e22607d8e710504921f9f584682e67f93c4f676
52,0,0,1,0,4.18214,0.293167,108.517,100.973,88.1221,106.233,96.7795,82.3239,84ca02b0d18f409173962ba56df6a4ab318c16d8a9828d1960a532a0ed7bcc40
53,0,0,1,0,4.19558,0.111389,108.493,101.003,88.1643,106.233,96.7795,82.3239,d0384ad7247544994cd2caab5d0bb47e1f51c739a7cbfa97ddefec66ee767705
54,0,0,1,0,4.28958,0.141361,108.528,101.065,88.3521,106.233,96.7795,82.3239,7da15bc5a4f1fe0d1199fa2b24c6e7d3c3aa5fb2134186c4bbc33f6614da7c17
55,0,0,1,0,4.23478,0.132639,108.608,101.016,88.1843,106.233,96.7795,82.3239,19a3cc76e68b7b1035bb6c1e49f80446fa3d90de73843eb1bb0f24110faa6b80
56,0,0,1,0,4.14844,0.139917,108.482,100.913,88.116,106.233,96.7795,82.3239,d8c4b1518b6fd5c3dc22c0b53e0db6e3055a351053be89fee771ddababa55747
57,0,0,1,0,3.95258,0.241917,108.17,100.693,87.9365,106.233,96.7795,82.3239,8f40446ad5602f7ca37d26454f4d603d14cf2abb9b6a7ca5babc4590e427f4ba
58,0,0,1,0,3.98347,0.125083,108.321,100.74,87.9316,106.233,96.7795,82.3239,121d3152ec8335af9632ea06e55205e9e0e0c380bb3e83627777be12f9b271a6
59,0,0,1,0,4.20751,0.239097,108.401,100.948,88.305,106.233,96.7795,82.3239,3aab7dc1447aaff9eb5401b4ffae9e860d698df3480e5094132f1ea49c0a4874
60,0,0,1,0,4.31986,0.152875,108.548,101.091,88.3962,106.233,96.7795,82.3239,edf35d7dc3ffa8da87d9db9bbbc1f585f1d87008ac91875c2cedd8961d56a0cc
61,0,0,1,0,4.40817,0.148389,108.78,101.193,88.3966,106.233,96.7795,82.3239,cdee8a5bb3a36be35117fcedd4d64979136fe646aa4509d7e8153051338a11fd
62,0,0,1,0,3.98521,0.463208,108.412,100.784,87.7858,106.233,96.7795,82.3239,5adac4fdc433e21c6744f23d3ea76c0ca5fa38911e3810987f1693dab514e93a
63,0,0,1,0,3.94376,0.13725,108.281,100.714,87.8147,106.233,96.7795,82.3239,e0ae276b32f2e0b6b9330123b1ae5890568efb6f846b3b48e4fdce64eaaba997
64,0,0,1,0,4.03721,0.152361,108.334,100.815,87.9885,106.233,96.7795,82.3239,210e6af2e1e21122fa764141597250e783ac48bb99ab41a9ea6c089d12b51654
65,0,0,1,0,4.12225,0.148847,108.525,100.891,88.041,106.233,96.7795,82.3239,8d3569823aa5720a8f027e7ecb0928a33bb713f1d99b8c5e58b482cc39626860
66,0,0,1,0,4.33379,0.249153,108.876,101.095,88.2022,106.233,96.7795,82.3239,6f0db21d1454e5d5ed054d44bf1134860685f8b9f9fca738743a5e2c612481d3
67,0,0,1,0,4.3535,0.119819,108.803,101.136,88.2774,106.233,96.7795,82.3239,23b5151dcd039645524121960611ca31b60ff8ba2fdd8f61a0b3b54d60e620c4
68,0,0,1,0,4.29006,0.129306,108.642,101.058,88.2781,106.233,96.7795,82.3239,08cc7635e54213b305d4e1bb257c4e178834820f7cdc2302c8cacd5e0f54b062
69,0,0,1,0,4.04064,0.266472,108.549,100.796,87.8869,106.233,96.7795,82.3239,b00c766d2e11254ed8c8ca557e49b42a50fee7bdf289fe22c3e15d3fc2e89ce8
70,0,0,1,0,3.94839,0.169889,108.31,100.721,87.85,106.233,96.7795,82.3239,1e84820bdb69f6435186cb673011bde1779f4f88dbf36c66f78b3bf2774ad14e
71,0,0,1,0,3.9099,0.112736,108.316,100.698,87.7544,106.233,96.7795,82.3239,336f7f1fc9a4fc89608c9a7ffb54c077d99a7f5e16ecdb0215fc6f8b3eb998af
72,0,0,1,0,3.92421,0.1055,108.287,100.679,87.8302,106.233,96.7795,82.3239,1d730f72e76a13dd7a5de66aa3fd526d2bf92213177553401faa45b3a3300971
73,0,0,1,0,4.02088,0.132611,108.33,100.769,87.9883,106.233,96.7795,82.3239,474c64dcd8bc97b8c4828b777e4f3d74a490fe53dd8367ec90297b070b832896
74,0,0,1,0,3.98032,0.132833,108.174,100.71,88.0388,106.233,96.7795,82.3239,415e318eedeaa5d5090df19828d67d5d48d4730ed934b25c64ecaa7f3f45024b
75,0,0,1,0,4.05018,0.123917,108.302,100.8,88.0673,106.233,96.7795,82.3239,4781f56c4763d6e8ff2ab604302a8460745b8f8c58e7722cd56284d5d0e9389f
76,0,0,1,0,4.14068,0.13925,108.467,100.895,88.1149,106.233,96.7795,82.3239,8f88e8cb343d56e4708988c024ff733cb42df6e83087de1c79b4f6c6d3dab1fb
77,0,0,1,0,4.03367,0.149958,108.413,100.832,87.908,106.233,96.7795,82.3239,98faad12e2f1c6e43132496270a2a299b9f89e552a5c9768bff5c193b323d1d5
78,0,0,1,0,3.98214,0.112639,108.357,100.792,87.8509,106.233,96.7795,82.3239,ef41271dcf32739a8079a347ed1dd7e0b9fd6cb25bd1cb5d7f2dc6f7eaab5858
79,0,0,1,0,3.8431,0.210458,108.057,100.6,87.83,106.233,96.7795,82.3239,d2053a789a704285c8d104f310c34d90fc2e471d7ee33ddd6e1fa9b83afee2db
80,0,0,1,0,3.99633,0.225792,108.443,100.76,87.8955,106.233,96.7795,82.3239,36541c559f66ff5af6313678436b4d244e5fcd4df0ddf6a064e1811b9d212b20
81,0,0,1,0,1.92017,5.49892,105.568,95.633,79.4008,106.233,96.7795,82.3239,fb0cbef519f1e5e61a89ab8a4058bc177b1479933859a63b78f560305bfa46c2
82,0,0,1,0,2.07404,0.548542,106.289,96.0124,78.8582,106.233,96.7795,82.3239,0195e1e73b1179366c7a7ecf6b87d29784f098f2fc14ee15a7ee519d07514ca8
83,0,0,1,0,1.98638,0.295222,106.657,96.32,79.0475,106.233,96.7795,82.3239,58f0cc69a5e66d5c55fa710ad0df791cfb436bab3a01e8c1d79eb0853cb7693a
84,0,0,1,0,2.02047,0.199486,106.919,96.4133,78.943,106.233,96.7795,82.3239,7c04941d46af5a4d8b89b1c78433334bf5f5fed8cd257a586ae8c02f33b00651
85,0,0,1,0,2.01551,0.128653,106.748,96.3712,78.9753,106.233,96.7795,82.3239,a0a5d2ab5297cb8e2b1738a9687cb6894945d6e2c9fea22ed9c237665f69cc57
86,0,0,1,0,2.00658,0.107097,106.673,96.3727,79.0166,106.233,96.7795,82.3239,11bdcec1c83b2c090372d09a186b07ff220a46d473b3b928743666945ea330d5
87,0,0,1,0,2.04189,0.131472,106.856,96.4057,78.9427,106.233,96.7795,82.3239,cec42b82c766217cca04081c82258876325e694ee3b4d99847a20fc81d67977c
88,0,0,1,0,1.99021,0.240875,107.069,96.6028,79.2124,106.233,96.7795,82.3239,1d67ccca868d79544430c68d92147c95a68d40a5f6ff01efa939a301ebc4f0f7
89,0,0,1,0,1.97606,0.134375,106.948,96.5118,79.1492,106.233,96.7795,82.3239,dc56b1bec856b9947a022ad528257c87208732cafb87a8618193329c852920ce
90,0,0,1,0,1.92965,0.121542,106.935,96.5604,79.2393,106.233,96.7795,82.3239,5e6cd5489a9efe11999264666fb2ea5842706b9203e5dff93cbee954402d5fca
91,0,0,1,0,1.91551,0.10125,106.959,96.5698,79.2544,106.233,96.7795,82.3239,6518938b252e1ccea691a5d27810528ff39703dc44d4e10ecb1a5cd8e78fde37
92,0,0,1,0,2.05114,0.190236,107.069,96.5638,78.9375,106.233,96.7795,82.3239,5151e90d89ac200b277f46ad4ae18b65948291744cd679560381e8a27ac1cb7c
93,0,0,1,0,2.06392,0.150917,106.877,96.4898,78.96,106.233,96.7795,82.3239,b415185fbdf542161d61f83717bf43d81d8110c7251ed90c6470087de081084d
94,0,0,1,0,2.05337,0.103903,106.882,96.4346,78.9463,106.233,96.7795,82.3239,a3a319018e879beea193dfeaaef9d8a705bcfa44c48d734efe60bfdfd5032d44
95,0,0,1,0,2.12404,0.173806,106.734,96.2832,78.7704,106.233,96.7795,82.3239,60f37a924cd5d171792981e401389095d37af2dd4a952a54e78a8b591353d5f8
96,0,0,1,0,2.02774,0.223361,106.851,96.4508,79.1068,106.233,96.7795,82.3239,fdc7b3e439b3540a40feec2de0d1808914af15f239a9c9498864c5b0fcf15137
97,0,0,1,0,1.99729,0.121583,106.836,96.484,79.161,106.233,96.7795,82.3239,b913d460ef4a64a38aaab5eaf05fd81a0bb550ad9a2e58e39b0c20c6098ee26a
98,0,0,1,0,1.96162,0.208389,106.517,96.3429,79.3016,106.233,96.7795,82.3239,7f5473f3c23c859df01a77680b11cc7f54f188aae24e78430af03c8c89ceeacb
99,0,0,1,0,2.10311,0.255236,106.79,96.3817,78.9057,106.233,96.7795,82.3239,44b4f7ea62905ffe0e226fe432da97e92b7bd4919aadb82d356df904b2b95ec0
100,0,0,1,0,2.14453,0.137194,106.665,96.3419,78.7925,106.233,96.7795,82.3239,5fc3c2451eae1a1b6c5906a44f9da535ff5cfc59eeb34c50a11ea4e255e70ed5
101,0,0,1,0,1.93715,0.282014,106.692,96.4506,79.4197,106.233,96.7795,82.3239,8aa75d4cff843073f29bdd293ac5d74266473fc409cf67a78862c384a3de592a
102,0,0,1,0,1.91964,0.255931,107.039,96.6371,79.3421,106.233,96.7795,82.3239,5a1cbe80a822fbaa953aa836e37431f9f8427b15f1d848b88de62324b5c3e3b6
103,0,0,1,0,1.97157,0.207014,106.882,96.4492,79.1396,106.233,96.7795,82.3239,95b2429f017f806d5dd29b2b0135c55db126b3717578128cba533ca0eeb720fc
104,0,0,1,0,1.94857,0.125306,106.712,96.3915,79.1659,106.233,96.7795,82.3239,a63caf2f189a05212cf7016d9fec45a176c691d52b658d095d156b947de8c6ef
105,0,0,1,0,2.06221,0.213889,107.027,96.4693,78.9647,106.233,96.7795,82.3239,0f0ac1df45ab8280c2593ac630d5aa54853d0e51bc3dfded188481c2fb64f54a
106,0,0,1,0,2.01868,0.17925,106.715,96.3792,79.0141,106.233,96.7795,82.3239,39a5537f589b5096604ad03cf53a7ac5a54d37bcfcfc14631f0f816a051f5f33
107,0,0,1,0,2.05847,0.185292,107.02,96.4726,78.9308,106.233,96.7795,82.3239,f38b9a6e1769de15165a0538d24f732d5bf83b1788f2d821aa032d535c69c06c
108,0,0,1,0,2.03958,0.274333,106.499,96.2821,78.929,106.233,96.7795,82.3239,bf60164091d53a59b062ed5d59a79022326d1abf264e665e32fd556d5dff64dd
109,0,0,1,0,1.96768,0.185764,106.686,96.3989,79.1115,106.233,96.7795,82.3239,74f58733d3d04a3af2f061457a28789cce1008b37d0be985137ed5edf9926a4d
110,0,0,1,0,1.98012,0.124,106.68,96.3177,79.0387,106.233,96.7795,82.3239,dc45b8dcbb0beaf480e0910443e6756af8dd261f0c052956690dfe4f5c4cc246
111,0,0,1,0,1.92369,0.113458,106.68,96.3478,79.1778,106.233,96.7795,82.3239,513a208818404126bb67594b15330989436c2a0fa41369ececb391570b320660
112,0,0,1,0,1.97846,0.111125,106.578,96.3372,79.1062,106.233,96.7795,82.3239,de0bccc2c8f00afb1f3ecb03f3dfb5cf8aa49861db17d84b5704d2de396af18e
113,0,0,1,0,1.9214,0.169583,106.685,96.424,79.3495,106.233,96.7795,82.3239,e7347b53ba90391c90e0be7f0075b74b5a8cc373e724780a2b6079e65977d075
114,0,0,1,0,2.07054,0.193972,106.84,96.4157,79.0266,106.233,96.7795,82.3239,2aa699739c472f779261e2426b4dfac17110af0d5dcbd73ac6630d9a0f324bb1
115,0,0,1,0,2.04554,0.119667,106.762,96.4052,79.0591,106.233,96.7795,82.3239,fbe5227d9c68346d5f75b27325b1748f43beb41b1b4ceadd96c4383f966da11c
116,0,0,1,0,1.97736,0.136708,106.63,96.3503,79.1803,106.233,96.7795,82.3239,792c082bbc666fd5760e967e57914d116b0fb8d1ad9933acf583d25e2912edd1
117,0,0,1,0,1.92339,0.124167,106.52,96.4026,79.2921,106.233,96.7795,82.3239,54f43b23771a21df1fe4f16e675bce7b0d080f6368774f12e24eca437c90e619
118,0,0,1,0,1.91889,0.106417,106.632,96.4101,79.2818,106.233,96.7795,82.3239,8df332b24c1cb3be639211a57f9c017bd77e0e52c3d46cb6cee4c2eef72deba2
119,0,0,1,0,2.00786,0.146306,106.803,96.4478,79.1547,106.233,96.7795,82.3239,49a00f8d4ac4c338ae9cb59c8cc9f7852d2ff33c6fbc7ee3b9f9571bc98c53f1
120,0,0,1,0,1.92332,0.158014,106.887,96.5361,79.338,106.233,96.7795,82.3239,5ab5ca07cd6dd6005d88da6a852e9e4cd407fca438c7fb06edeb9485f57192ec
121,0,0,1,0,2.70768,1.78369,105.174,94.127,78.1124,106.233,96.7795,82.3239,364004e1f840104ea51115594ec32ef12b3fcd9183b73969338ffe237a18b57f
122,0,0,1,0,2.98561,1.1451,103.4,93.7188,79.2752,106.233,96.7795,82.3239,15f8ddac3bfc4993faee4c61a32a2fc9da34f2cfab7b139c514658a015722a58
123,0,0,1,0,3.16671,0.275542,103.011,93.4854,79.3393,106.233,96.7795,82.3239,3e41f7b49c0950e037334f481e0231c79f8ae9dd2a16ab25cfafa3c406e06bfd
124,0,0,1,0,2.99208,0.242319,103.333,93.6573,79.3981,106.233,96.7795,82.3239,bb36ac7b40114dc4fab3d595f30a33f5986d696add49e6281055aa2dece0aa6e
125,0,0,1,0,2.90471,0.201153,103.408,93.7895,79.5029,106.233,96.7795,82.3239,c870d7bacd9a480ea2317b9248ecc0d7d552dfbb87e6d40989b07b6d824d2496
126,0,0,1,0,2.9711,0.172722,103.293,93.775,79.4608,106.233,96.7795,82.3239,94be00b30e5c89f72b275e4e9a8e8422e816cda737db424f9ac265bd4e507584
127,0,0,1,0,2.97174,0.187889,103.327,93.7447,79.4996,106.233,96.7795,82.3239,014cf27c188712d9ab2e3d420362660807a3827100fdf43808ffe66c11418dac
128,0,0,1,0,3.01781,0.164653,103.29,93.7013,79.4407,106.233,96.7795,82.3239,1c6e6dc6c373685318b4c73950b6256ba1d2c5814c8009fd9da6b8404ef96a53
129,0,0,1,0,3.02274,0.157847,103.219,93.7152,79.4672,106.233,96.7795,82.3239,afb23eb2f8783a918f2dd786c2b405c209cf82c2a4135bd5002fdeaf4ff59f77
130,0,0,1,0,2.8159,0.266278,103.579,93.9154,79.5793,106.233,96.7795,82.3239,892e30c7d2e29ad5e344699080303b6a82fdf80bc1e7cd311a2dacb577d25a1e
131,0,0,1,0,2.8079,0.165694,103.513,93.915,79.6557,106.233,96.7795,82.3239,aeed076321996aed608adf0f7fb622c107bf49be890d4bd70ba0e0d8311f9946
132,0,0,1,0,2.92629,0.201722,103.458,93.7752,79.5214,106.233,96.7795,82.3239,050dffae6e6a759533056e7825fcc0e4300b99d8a0fcfbdce375db77bb04f15f
133,0,0,1,0,3.01254,0.186667,103.36,93.7006,79.3811,106.233,96.7795,82.3239,c9574d2d481248588ffa84db039145a19804433445a00094be1eef6b264b580a
134,0,0,1,0,2.81588,0.232611,103.541,93.9068,79.59,106.233,96.7795,82.3239,dcb8de44b6c13f7db79c9fc13afee202cd5a8dc5f7de9b594b95df9f9da98322
135,0,0,1,0,2.79986,0.154736,103.557,93.9343,79.6072,106.233,96.7795,82.3239,35411b4a33522533853457d7fe4afc7b2b16e88da3be85c04a61979f735e08ce
136,0,0,1,0,2.93031,0.205917,103.419,93.7799,79.4656,106.233,96.7795,82.3239,43eeacc020e92e806c77848438bd134712dce7e271e063b867d8bf6111cad59c
137,0,0,1,0,2.81986,0.188861,103.504,93.8882,79.6102,106.233,96.7795,82.3239,537652bae604fd5fcf23ed93e6f0325d37f4b61f5e81fadec16dc9dc0ca5d1a9
138,0,0,1,0,2.8126,0.164181,103.45,93.8825,79.6594,106.233,96.7795,82.3239,6ca90b1ac624086960bb5f459074baba34f2bdbbc5a6a31c008c5bc42b7759a9
139,0,0,1,0,2.97953,0.211514,103.336,93.7192,79.442,106.233,96.7795,82.3239,424c09b6839230b8eccf3bae7ea2ffdf1d28e7a837a2adca6fd203440d49d91d
140,0,0,1,0,2.59662,0.402819,103.742,94.093,79.8533,106.233,96.7795,82.3239,ad4b7bf2a746e32845ec704b8d71cd06505bd31e04d3ee307fab324dc7a1f4f3
141,0,0,1,0,2.8126,0.254306,103.509,93.8795,79.6317,106.233,96.7795,82.3239,15a2d285603044adeae368a5b97a707258c1400bd6a3dc0ddb9b054828286ef6
142,0,0,1,0,2.95299,0.201472,103.356,93.757,79.4675,106.233,96.7795,82.3239,1ace327640361c91cb0c62477957bc175e620d52ecf1545755cca4d9bd92ba4d
143,0,0,1,0,2.94542,0.167486,103.403,93.7661,79.4677,106.233,96.7795,82.3239,4d6289e71b2662c78019613fdad84ef432dabcace5b089578ea3529b6a2955d4
144,0,0,1,0,3.03192,0.190056,103.236,93.6535,79.4595,106.233,96.7795,82.3239,35502cb02b931c2a4d6e6986edc8e2cdc1a781d0cde54c5032a636bafcace4ed
145,0,0,1,0,3.04365,0.177292,103.174,93.6675,79.4663,106.233,96.7795,82.3239,e5d7159272faa35b8d77125b569280bf228eee045da4c93eda3d2c0896428f04
146,0,0,1,0,2.92133,0.204514,103.348,93.7805,79.5925,106.233,96.7795,82.3239,a2e0fd7d1e057de822f56934ec0aa9c56deaa4d86361d5592db039f36fb7c7f1
147,0,0,1,0,3.01487,0.174347,103.278,93.7123,79.4538,106.233,96.7795,82.3239,dc2bb574efb19df9ba61d65da7ae51cf7359c2e4bb7c70ec83fffc1ea5bf14cc
148,0,0,1,0,2.98878,0.157403,103.268,93.7123,79.529,106.233,96.7795,82.3239,1310f3ef88152b9a75051932a3c10cce2900b6f49e64011b58892dbbc6344673
149,0,0,1,0,2.76031,0.275889,103.521,93.9557,79.7301,106.233,96.7795,82.3239,d4f8b181502af549fc0991f2bf924ca43badb69737a15f7e28763041456c47fb
150,0,0,1,0,2.95065,0.235819,103.364,93.7675,79.5026,106.233,96.7795,82.3239,c915f477d9e859e5e89db09bee18f3c1704b2ffb7ca3f486c47e7a90b70cbfc9
151,0,0,1,0,2.82593,0.203444,103.586,93.9104,79.5591,106.233,96.7795,82.3239,c276db6aa7492019967e5c55e42b2511771417e520b6c563eef3f8603edb2f1d
152,0,0,1,0,2.59599,0.265,103.791,94.1406,79.8044,106.233,96.7795,82.3239,c9d8bebd5f77773bf203c700235a39e84390a284d3e5e915f59f7cb9448ab075
153,0,0,1,0,2.80958,0.257514,103.568,93.9067,79.5944,106.233,96.7795,82.3239,c73e193b7a8ea0d4880134122deafd57c841c8eb50d28805ca5fa637e82021f1
154,0,0,1,0,2.95092,0.254306,103.287,93.757,79.5962,106.233,96.7795,82.3239,ee7f1f79152c95e5d5ac994040085d6b21518c3723e5f969c2febf8aabbf98a6
155,0,0,1,0,2.71287,0.294069,103.668,94.0289,79.7395,106.233,96.7795,82.3239,685bdd7a85e483ca923073fccf9dac036a9dba0ee731f92f62e4be319542d5c3
156,0,0,1,0,2.79015,0.198806,103.493,93.9162,79.6985,106.233,96.7795,82.3239,c7b35874d9edeeed9bf97ee5ab31aca2e32de184d7d3e184238380b5d67d87b5
157,0,0,1,0,2.7436,0.1665,103.547,93.9736,79.7749,106.233,96.7795,82.3239,0ea997e95ec7ce6642da40be9e7a2ddf67f22e0944ddad5474858242a689baab
158,0,0,1,0,2.84028,0.192819,103.535,93.8838,79.5515,106.233,96.7795,82.3239,a51381b21d9651a21bcfeaf2fb32f9acd64208ff53654c0f1b6ee911aac21eff
159,0,0,1,0,2.81821,0.156597,103.51,93.9322,79.5967,106.233,96.7795,82.3239,021da639cb10b8659043ed03803026676980efe67e17113fce2f6cea4f17ccc8
160,0,0,1,0,2.88467,0.180736,103.442,93.8501,79.5707,106.233,96.7795,82.3239,3ca75b7e1cb90d7861a9d08782c2ca9acf98734437cd608c3662653022f0dbb5
