source,panPixels,motionPixels,nrEvaluated,reset,meanRgbCorrection,warpedMeanRgbDifference,meanR,meanG,meanB,sourceR,sourceG,sourceB
1,0,0,1,1,0.0786667,0,106.225,96.7585,82.2999,106.233,96.7795,82.3239
2,0,0,1,0,0.0315417,0.0789028,106.232,96.7717,82.3131,106.233,96.7795,82.3239
3,0,0,1,0,0.0219722,0.0410694,106.232,96.7737,82.3168,106.233,96.7795,82.3239
4,0,0,1,0,0.0217083,0.0344583,106.233,96.7738,82.3173,106.233,96.7795,82.3239
5,0,0,1,0,0.0207222,0.0342361,106.232,96.7732,82.3165,106.233,96.7795,82.3239
6,0,0,1,0,0.0206528,0.0330972,106.232,96.7727,82.3169,106.233,96.7795,82.3239
7,0,0,1,0,0.0223472,0.0336944,106.232,96.7739,82.3165,106.233,96.7795,82.3239
8,0,0,1,0,0.0201528,0.0341111,106.233,96.773,82.3187,106.233,96.7795,82.3239
9,0,0,1,0,0.02,0.0313194,106.233,96.7743,82.317,106.233,96.7795,82.3239
10,0,0,1,0,0.0219583,0.0332083,106.233,96.7731,82.3183,106.233,96.7795,82.3239
11,0,0,1,0,0.0237778,0.0359861,106.232,96.7708,82.317,106.233,96.7795,82.3239
12,0,0,1,0,0.0215,0.0364167,106.232,96.7724,82.316,106.233,96.7795,82.3239
13,0,0,1,0,0.0210972,0.0345694,106.233,96.773,82.3157,106.233,96.7795,82.3239
14,0,0,1,0,0.0235278,0.0359306,106.232,96.7718,82.3152,106.233,96.7795,82.3239
15,0,0,1,0,0.021,0.0341389,106.232,96.772,82.317,106.233,96.7795,82.3239
16,0,0,1,0,0.0275278,0.0386389,106.232,96.7704,82.3153,106.233,96.7795,82.3239
17,0,0,1,0,0.0218611,0.0390556,106.232,96.7725,82.3152,106.233,96.7795,82.3239
18,0,0,1,0,0.0164306,0.0309028,106.233,96.775,82.3189,106.233,96.7795,82.3239
19,0,0,1,0,0.02125,0.0307361,106.233,96.7734,82.3173,106.233,96.7795,82.3239
20,0,0,1,0,0.02175,0.03475,106.232,96.7738,82.3181,106.233,96.7795,82.3239
21,0,0,1,0,0.0203194,0.0325694,106.233,96.7734,82.3168,106.233,96.7795,82.3239
22,0,0,1,0,0.0157639,0.0297778,106.233,96.7746,82.3187,106.233,96.7795,82.3239
23,0,0,1,0,0.0209583,0.0304722,106.233,96.7732,82.3159,106.233,96.7795,82.3239
24,0,0,1,0,0.023625,0.0371111,106.233,96.7725,82.3178,106.233,96.7795,82.3239
25,0,0,1,0,0.0165694,0.0327222,106.232,96.7744,82.3174,106.233,96.7795,82.3239
26,0,0,1,0,0.0240972,0.0338056,106.233,96.7719,82.3161,106.233,96.7795,82.3239
27,0,0,1,0,0.0255972,0.0388056,106.233,96.7716,82.3148,106.233,96.7795,82.3239
28,0,0,1,0,0.0244722,0.0389028,106.233,96.7715,82.3143,106.233,96.7795,82.3239
29,0,0,1,0,0.0211806,0.035125,106.233,96.7734,82.3162,106.233,96.7795,82.3239
30,0,0,1,0,0.0208056,0.0328194,106.233,96.7724,82.3172,106.233,96.7795,82.3239
31,0,0,1,0,0.0217083,0.0342361,106.232,96.7721,82.3166,106.233,96.7795,82.3239
32,0,0,1,0,0.0218889,0.0354583,106.233,96.7726,82.3168,106.233,96.7795,82.3239
33,0,0,1,0,0.0223194,0.0349028,106.233,96.7725,82.3136,106.233,96.7795,82.3239
34,0,0,1,0,0.0245556,0.0374306,106.233,96.7726,82.3155,106.233,96.7795,82.3239
35,0,0,1,0,0.0251667,0.0385556,106.232,96.773,82.3162,106.233,96.7795,82.3239
36,0,0,1,0,0.0197778,0.0348056,106.232,96.7749,82.3188,106.233,96.7795,82.3239
37,0,0,1,0,0.0244444,0.0343333,106.233,96.7733,82.3168,106.233,96.7795,82.3239
38,0,0,1,0,0.0200139,0.0339583,106.233,96.7745,82.3181,106.233,96.7795,82.3239
39,0,0,1,0,0.0178333,0.0280417,106.233,96.7742,82.3173,106.233,96.7795,82.3239
40,0,0,1,0,0.0175139,0.0286528,106.232,96.7742,82.3166,106.233,96.7795,82.3239
41,0,0,1,0,0.0108056,0.0271528,106.232,96.7752,82.3199,106.233,96.7795,82.3239
42,0,0,1,0,0.00380556,0.0110278,106.232,96.7761,82.3225,106.233,96.7795,82.3239
43,0,0,1,0,0.00454167,0.007375,106.232,96.7752,82.3218,106.233,96.7795,82.3239
44,0,0,1,0,0.00598611,0.00958333,106.231,96.7747,82.321,106.233,96.7795,82.3239
45,0,0,1,0,0.00334722,0.00733333,106.232,96.7754,82.3218,106.233,96.7795,82.3239
46,0,0,1,0,0.00531944,0.00741667,106.231,96.7746,82.321,106.233,96.7795,82.3239
47,0,0,1,0,0.00386111,0.00665278,106.231,96.7752,82.3209,106.233,96.7795,82.3239
48,0,0,1,0,0.008,0.0103056,106.231,96.7721,82.3192,106.233,96.7795,82.3239
49,0,0,1,0,0.0105417,0.0149306,106.23,96.7709,82.3186,106.233,96.7795,82.3239
50,0,0,1,0,0.0120694,0.0184722,106.23,96.7713,82.3176,106.233,96.7795,82.3239
51,0,0,1,0,0.00630556,0.0135972,106.231,96.7725,82.3197,106.233,96.7795,82.3239
52,0,0,1,0,0.00348611,0.007125,106.231,96.7754,82.3213,106.233,96.7795,82.3239
53,0,0,1,0,0.0101667,0.0121528,106.23,96.7721,82.3174,106.233,96.7795,82.3239
54,0,0,1,0,0.00933333,0.0159167,106.23,96.7707,82.3183,106.233,96.7795,82.3239
55,0,0,1,0,0.0115694,0.0178472,106.23,96.771,82.3179,106.233,96.7795,82.3239
56,0,0,1,0,0.0100972,0.0175833,106.23,96.7709,82.3186,106.233,96.7795,82.3239
57,0,0,1,0,0.00495833,0.0111667,106.231,96.7746,82.3204,106.233,96.7795,82.3239
58,0,0,1,0,0.00629167,0.00886111,106.231,96.7744,82.3198,106.233,96.7795,82.3239
59,0,0,1,0,0.00919444,0.0125694,106.23,96.7703,82.3186,106.233,96.7795,82.3239
60,0,0,1,0,0.00579167,0.0114861,106.231,96.7738,82.3197,106.233,96.7795,82.3239
61,0,0,1,0,0.00695833,0.0104167,106.231,96.7726,82.3196,106.233,96.7795,82.3239
62,0,0,1,0,0.0106806,0.0146667,106.23,96.77,82.317,106.233,96.7795,82.3239
63,0,0,1,0,0.0161389,0.0223194,106.229,96.7688,82.3152,106.233,96.7795,82.3239
64,0,0,1,0,0.0119167,0.0215278,106.229,96.7708,82.3175,106.233,96.7795,82.3239
65,0,0,1,0,0.00769444,0.0149722,106.231,96.7716,82.3198,106.233,96.7795,82.3239
66,0,0,1,0,0.0103194,0.0157917,106.23,96.7729,82.3185,106.233,96.7795,82.3239
67,0,0,1,0,0.00852778,0.0152083,106.23,96.7727,82.3192,106.233,96.7795,82.3239
68,0,0,1,0,0.00977778,0.0155,106.231,96.7708,82.3175,106.233,96.7795,82.3239
69,0,0,1,0,0.0102917,0.0167917,106.231,96.7698,82.3175,106.233,96.7795,82.3239
70,0,0,1,0,0.0100972,0.0170833,106.231,96.771,82.3182,106.233,96.7795,82.3239
71,0,0,1,0,0.00886111,0.0154583,106.23,96.7722,82.3189,106.233,96.7795,82.3239
72,0,0,1,0,0.00445833,0.00954167,106.231,96.7752,82.321,106.233,96.7795,82.3239
73,0,0,1,0,0.00477778,0.00684722,106.231,96.7739,82.3195,106.233,96.7795,82.3239
74,0,0,1,0,0.00498611,0.00718056,106.231,96.7733,82.3202,106.233,96.7795,82.3239
75,0,0,1,0,0.00688889,0.00979167,106.231,96.7732,82.319,106.233,96.7795,82.3239
76,0,0,1,0,0.00909722,0.0132917,106.23,96.7715,82.3181,106.233,96.7795,82.3239
77,0,0,1,0,0.0100556,0.0156528,106.231,96.7717,82.3181,106.233,96.7795,82.3239
78,0,0,1,0,0.00523611,0.0105972,106.231,96.7747,82.3206,106.233,96.7795,82.3239
79,0,0,1,0,0.00468056,0.00730556,106.231,96.7745,82.3209,106.233,96.7795,82.3239
80,0,0,1,0,0.00884722,0.0111944,106.23,96.7718,82.3181,106.233,96.7795,82.3239
81,0,0,1,0,0.00327778,0.0109583,106.231,96.776,82.3227,106.233,96.7795,82.3239
82,0,0,1,0,0.00552778,0.00758333,106.231,96.7748,82.3224,106.233,96.7795,82.3239
83,0,0,1,0,0.00622222,0.00930556,106.231,96.774,82.3229,106.233,96.7795,82.3239
84,0,0,1,0,0.006,0.0101111,106.231,96.7746,82.3224,106.233,96.7795,82.3239
85,0,0,1,0,0.00591667,0.00963889,106.23,96.7745,82.3227,106.233,96.7795,82.3239
86,0,0,1,0,0.00681944,0.010625,106.23,96.7737,82.322,106.233,96.7795,82.3239
87,0,0,1,0,0.00536111,0.0102917,106.23,96.7742,82.323,106.233,96.7795,82.3239
88,0,0,1,0,0.00501389,0.00834722,106.23,96.7755,82.3226,106.233,96.7795,82.3239
89,0,0,1,0,0.00581944,0.00877778,106.231,96.7739,82.3225,106.233,96.7795,82.3239
90,0,0,1,0,0.00522222,0.00893056,106.23,96.7737,82.3232,106.233,96.7795,82.3239
91,0,0,1,0,0.00509722,0.00868056,106.23,96.7751,82.3224,106.233,96.7795,82.3239
92,0,0,1,0,0.00570833,0.00894444,106.231,96.774,82.3227,106.233,96.7795,82.3239
93,0,0,1,0,0.00563889,0.00934722,106.23,96.7742,82.3225,106.233,96.7795,82.3239
94,0,0,1,0,0.00505556,0.00866667,106.23,96.775,82.3229,106.233,96.7795,82.3239
95,0,0,1,0,0.00413889,0.00713889,106.231,96.7748,82.3229,106.233,96.7795,82.3239
96,0,0,1,0,0.00570833,0.00868056,106.23,96.7742,82.3222,106.233,96.7795,82.3239
97,0,0,1,0,0.00355556,0.00745833,106.231,96.7755,82.323,106.233,96.7795,82.3239
98,0,0,1,0,0.00545833,0.00779167,106.23,96.7747,82.3228,106.233,96.7795,82.3239
99,0,0,1,0,0.00565278,0.00897222,106.23,96.7741,82.3223,106.233,96.7795,82.3239
100,0,0,1,0,0.00423611,0.00761111,106.23,96.7753,82.3229,106.233,96.7795,82.3239
101,0,0,1,0,0.00573611,0.00838889,106.23,96.7747,82.3225,106.233,96.7795,82.3239
102,0,0,1,0,0.00544444,0.00909722,106.23,96.7738,82.3229,106.233,96.7795,82.3239
103,0,0,1,0,0.00480556,0.00811111,106.231,96.7745,82.3229,106.233,96.7795,82.3239
104,0,0,1,0,0.006125,0.00918056,106.23,96.7749,82.3226,106.233,96.7795,82.3239
105,0,0,1,0,0.00720833,0.0108333,106.23,96.7743,82.3227,106.233,96.7795,82.3239
106,0,0,1,0,0.00715278,0.012,106.23,96.7745,82.3221,106.233,96.7795,82.3239
107,0,0,1,0,0.00481944,0.00980556,106.231,96.774,82.3226,106.233,96.7795,82.3239
108,0,0,1,0,0.00663889,0.00979167,106.23,96.7738,82.3216,106.233,96.7795,82.3239
109,0,0,1,0,0.00952778,0.0135833,106.229,96.7709,82.3217,106.233,96.7795,82.3239
110,0,0,1,0,0.00681944,0.0130972,106.23,96.7735,82.3226,106.233,96.7795,82.3239
111,0,0,1,0,0.00469444,0.00895833,106.231,96.7756,82.3224,106.233,96.7795,82.3239
112,0,0,1,0,0.0065,0.00966667,106.229,96.7737,82.3225,106.233,96.7795,82.3239
113,0,0,1,0,0.00583333,0.00994444,106.23,96.7735,82.3226,106.233,96.7795,82.3239
114,0,0,1,0,0.00679167,0.0103194,106.229,96.7735,82.322,106.233,96.7795,82.3239
115,0,0,1,0,0.00651389,0.01075,106.23,96.7738,82.3224,106.233,96.7795,82.3239
116,0,0,1,0,0.006625,0.0112222,106.23,96.7742,82.3227,106.233,96.7795,82.3239
117,0,0,1,0,0.00558333,0.0101806,106.23,96.7756,82.3226,106.233,96.7795,82.3239
118,0,0,1,0,0.00584722,0.00945833,106.23,96.7742,82.3232,106.233,96.7795,82.3239
119,0,0,1,0,0.00556944,0.00922222,106.23,96.7745,82.3231,106.233,96.7795,82.3239
120,0,0,1,0,0.00626389,0.00986111,106.229,96.7748,82.3228,106.233,96.7795,82.3239
121,0,0,1,0,0.0775833,0.0820139,106.224,96.7552,82.3041,106.233,96.7795,82.3239
122,0,0,1,0,0.0311389,0.0765833,106.231,96.7717,82.3151,106.233,96.7795,82.3239
123,0,0,1,0,0.0194028,0.0393194,106.233,96.7747,82.318,106.233,96.7795,82.3239
124,0,0,1,0,0.025625,0.0356944,106.233,96.7717,82.3151,106.233,96.7795,82.3239
125,0,0,1,0,0.0226806,0.0392222,106.232,96.7735,82.3162,106.233,96.7795,82.3239
126,0,0,1,0,0.0226111,0.0374861,106.233,96.7723,82.3173,106.233,96.7795,82.3239
127,0,0,1,0,0.0224167,0.03525,106.233,96.7733,82.3166,106.233,96.7795,82.3239
128,0,0,1,0,0.0221111,0.0358056,106.232,96.7735,82.3171,106.233,96.7795,82.3239
129,0,0,1,0,0.0177917,0.0323194,106.232,96.7742,82.3172,106.233,96.7795,82.3239
130,0,0,1,0,0.0213611,0.0326528,106.232,96.7735,82.3175,106.233,96.7795,82.3239
131,0,0,1,0,0.0214306,0.0354583,106.232,96.7739,82.3171,106.233,96.7795,82.3239
132,0,0,1,0,0.0194861,0.0341944,106.232,96.7726,82.3152,106.233,96.7795,82.3239
133,0,0,1,0,0.0229167,0.0347917,106.233,96.7725,82.3166,106.233,96.7795,82.3239
134,0,0,1,0,0.0223472,0.0363472,106.232,96.7736,82.3167,106.233,96.7795,82.3239
135,0,0,1,0,0.0246667,0.0377917,106.232,96.7729,82.3185,106.233,96.7795,82.3239
136,0,0,1,0,0.0203333,0.0349444,106.233,96.774,82.3167,106.233,96.7795,82.3239
137,0,0,1,0,0.021125,0.0330694,106.232,96.7731,82.3184,106.233,96.7795,82.3239
138,0,0,1,0,0.0211806,0.03425,106.232,96.7742,82.3162,106.233,96.7795,82.3239
139,0,0,1,0,0.02225,0.0357361,106.232,96.7729,82.316,106.233,96.7795,82.3239
140,0,0,1,0,0.0243611,0.0383056,106.232,96.7724,82.3143,106.233,96.7795,82.3239
141,0,0,1,0,0.0233889,0.0387222,106.233,96.774,82.3167,106.233,96.7795,82.3239
142,0,0,1,0,0.0232639,0.0369028,106.232,96.7729,82.316,106.233,96.7795,82.3239
143,0,0,1,0,0.0251667,0.0399028,106.232,96.7721,82.3145,106.233,96.7795,82.3239
144,0,0,1,0,0.0245,0.0400278,106.233,96.7733,82.3159,106.233,96.7795,82.3239
145,0,0,1,0,0.0208611,0.0356944,106.232,96.7736,82.3153,106.233,96.7795,82.3239
146,0,0,1,0,0.0225139,0.0347639,106.233,96.7744,82.3178,106.233,96.7795,82.3239
147,0,0,1,0,0.0229861,0.0350556,106.233,96.7722,82.3154,106.233,96.7795,82.3239
148,0,0,1,0,0.02025,0.0346528,106.233,96.7739,82.316,106.233,96.7795,82.3239
149,0,0,1,0,0.0190833,0.0313333,106.233,96.7739,82.3174,106.233,96.7795,82.3239
150,0,0,1,0,0.0183194,0.031125,106.233,96.774,82.3175,106.233,96.7795,82.3239
151,0,0,1,0,0.0210278,0.0309583,106.232,96.7739,82.3167,106.233,96.7795,82.3239
152,0,0,1,0,0.0197639,0.033375,106.233,96.7735,82.3175,106.233,96.7795,82.3239
153,0,0,1,0,0.0184583,0.0294444,106.232,96.7744,82.3172,106.233,96.7795,82.3239
154,0,0,1,0,0.0232639,0.0350278,106.232,96.7717,82.3148,106.233,96.7795,82.3239
155,0,0,1,0,0.0225833,0.0381528,106.232,96.7727,82.3154,106.233,96.7795,82.3239
156,0,0,1,0,0.0201667,0.0354444,106.233,96.7737,82.317,106.233,96.7795,82.3239
157,0,0,1,0,0.0222917,0.0342639,106.232,96.7732,82.3167,106.233,96.7795,82.3239
158,0,0,1,0,0.0205694,0.0348889,106.232,96.7731,82.3152,106.233,96.7795,82.3239
159,0,0,1,0,0.0245972,0.0369167,106.233,96.7731,82.3163,106.233,96.7795,82.3239
160,0,0,1,0,0.0194028,0.0353611,106.232,96.7735,82.3181,106.233,96.7795,82.3239
