module,module_sha256,rva,label,instruction_bytes,evidence,validation
SkyrimUpscaler.dll,5ded74be9bccefe4cff12cdd93e87cd079c017b0500dd1c5ec3150eaf08f7f81,0x19ec61,Context hook installation region,80b89000000000,supplied-v4/evidence/v4/disassembly/context_hook_install.asm,static bytes checked locally; runtime not tested
SkyrimUpscaler.dll,5ded74be9bccefe4cff12cdd93e87cd079c017b0500dd1c5ec3150eaf08f7f81,0x284ab2,Register init_effect_runtime event 9,b909000000,supplied-v4/evidence/v4/disassembly/reshade_event_registration.asm,static bytes checked locally; runtime not tested
SkyrimUpscaler.dll,5ded74be9bccefe4cff12cdd93e87cd079c017b0500dd1c5ec3150eaf08f7f81,0x284ada,Register destroy_effect_runtime event 10,b90a000000,supplied-v4/evidence/v4/disassembly/reshade_event_registration.asm,static bytes checked locally; runtime not tested
SkyrimUpscaler.dll,5ded74be9bccefe4cff12cdd93e87cd079c017b0500dd1c5ec3150eaf08f7f81,0x284b02,Register open-overlay event 86,b956000000,supplied-v4/evidence/v4/disassembly/reshade_event_registration.asm,static bytes checked locally; runtime not tested
SkyrimUpscaler.dll,5ded74be9bccefe4cff12cdd93e87cd079c017b0500dd1c5ec3150eaf08f7f81,0x284b2a,Register begin-effects event 76,b94c000000,supplied-v4/evidence/v4/disassembly/reshade_event_registration.asm,static bytes checked locally; runtime not tested
SkyrimUpscaler.dll,5ded74be9bccefe4cff12cdd93e87cd079c017b0500dd1c5ec3150eaf08f7f81,0x284b52,Register finish-effects event 77,b94d000000,supplied-v4/evidence/v4/disassembly/reshade_event_registration.asm,static bytes checked locally; runtime not tested
SkyrimUpscaler.dll,5ded74be9bccefe4cff12cdd93e87cd079c017b0500dd1c5ec3150eaf08f7f81,0x284b76,Register reshade_present event 75,b94b000000,supplied-v4/evidence/v4/disassembly/reshade_event_registration.asm,static bytes checked locally; runtime not tested
SkyrimUpscaler.dll,5ded74be9bccefe4cff12cdd93e87cd079c017b0500dd1c5ec3150eaf08f7f81,0x284ec0,Begin-effects routing flag bracket,488b0519bfbf00,supplied-v4/evidence/v4/disassembly/reshade_callbacks.asm,static bytes checked locally; runtime not tested
SkyrimUpscaler.dll,5ded74be9bccefe4cff12cdd93e87cd079c017b0500dd1c5ec3150eaf08f7f81,0x284e70,Finish-effects routing flag bracket,488b0569bfbf00,supplied-v4/evidence/v4/disassembly/reshade_callbacks.asm,static bytes checked locally; runtime not tested
SkyrimUpscaler.dll,5ded74be9bccefe4cff12cdd93e87cd079c017b0500dd1c5ec3150eaf08f7f81,0x19fcf3,UI target binding before phase enable,ff9008010000,supplied-v4/evidence/v4/disassembly/preui_ui_phase_transition.asm,static bytes checked locally; runtime not tested
SkyrimUpscaler.dll,5ded74be9bccefe4cff12cdd93e87cd079c017b0500dd1c5ec3150eaf08f7f81,0x19fd00,Normal UI phase enable,c6058b13ce0001,supplied-v4/evidence/v4/disassembly/preui_ui_phase_transition.asm,static bytes checked locally; runtime not tested
SkyrimUpscaler.dll,5ded74be9bccefe4cff12cdd93e87cd079c017b0500dd1c5ec3150eaf08f7f81,0x1a0827,StatsMenu UI phase clear,c6056408ce0000,supplied-v4/evidence/v4/disassembly/statsmenu_ui_phase_suspend.asm,static bytes checked locally; runtime not tested
SkyrimUpscaler.dll,5ded74be9bccefe4cff12cdd93e87cd079c017b0500dd1c5ec3150eaf08f7f81,0x21350e,ImGui scissor call,ff9068010000,supplied-v4/evidence/v4/disassembly/imgui_scissor_calls.asm,static bytes checked locally; runtime not tested
SkyrimUpscaler.dll,5ded74be9bccefe4cff12cdd93e87cd079c017b0500dd1c5ec3150eaf08f7f81,0x2135ac,ImGui scissor restore call,ff9068010000,supplied-v4/evidence/v4/disassembly/imgui_scissor_calls.asm,static bytes checked locally; runtime not tested
SkyrimUpscaler.dll,5ded74be9bccefe4cff12cdd93e87cd079c017b0500dd1c5ec3150eaf08f7f81,0x299750,ENB presence probe,4883ec28,supplied-v4/evidence/v4/disassembly/enb_presence_probe.asm,static bytes checked locally; runtime not tested
SkyrimUpscaler.dll,5ded74be9bccefe4cff12cdd93e87cd079c017b0500dd1c5ec3150eaf08f7f81,0x2a97e0,ReShade-aware target routing wrapper,48895c2410,supplied-v4/evidence/v4/disassembly/reshade_omsetrt_routing.asm,static bytes checked locally; runtime not tested
