source,panPixels,motionPixels,nrEvaluated,reset,meanRgbCorrection,warpedMeanRgbDifference
1,0,-0,1,1,2.98564,0
2,0,-0,1,0,3.19381,0.449068
3,0,-0,1,0,3.33695,0.282176
4,0,-0,1,0,3.43863,0.248298
5,0,-0,1,0,3.52652,0.234352
6,0,-0,1,0,3.56726,0.220125
7,0,-0,1,0,3.59218,0.211396
8,0,-0,1,0,3.57677,0.22106
9,0,-0,1,0,3.57989,0.22675
10,0,-0,1,0,3.57146,0.211006
11,0,-0,1,0,3.6122,0.212203
12,0,-0,1,0,3.60365,0.204722
13,0,-0,1,0,3.60371,0.209766
14,0,-0,1,0,3.62638,0.216276
15,0,-0,1,0,3.63053,0.21906
16,0,-0,1,0,3.58092,0.226097
17,0,-0,1,0,3.59503,0.202464
18,0,-0,1,0,3.61698,0.20755
19,0,-0,1,0,3.59117,0.21801
20,0,-0,1,0,3.58175,0.214715
21,0,-0,1,0,3.61239,0.211917
22,0,-0,1,0,3.63288,0.215965
23,0,-0,1,0,3.6455,0.226646
24,0,-0,1,0,3.66834,0.216566
25,0,-0,1,0,3.60506,0.214103
26,0,-0,1,0,3.61629,0.207503
27,0,-0,1,0,3.57199,0.210744
28,0,-0,1,0,3.60296,0.210356
29,0,-0,1,0,3.62986,0.202224
30,0,-0,1,0,3.63846,0.200761
31,0,-0,1,0,3.63164,0.199202
32,0,-0,1,0,3.62728,0.210217
33,0,-0,1,0,3.62085,0.21304
34,0,-0,1,0,3.61269,0.216884
35,0,-0,1,0,3.58084,0.224626
36,0,-0,1,0,3.60643,0.207718
37,0,-0,1,0,3.5654,0.227458
38,0,-0,1,0,3.61259,0.211647
39,0,-0,1,0,3.61976,0.216139
40,0,-0,1,0,3.56008,0.216395
41,2,-2,1,0,3.36536,0.598416
42,4,-2,1,0,3.38782,0.429858
43,6,-2,1,0,3.46002,0.4352
44,8,-2,1,0,3.44739,0.432971
45,10,-2,1,0,3.47082,0.43191
46,12,-2,1,0,3.45381,0.435729
47,14,-2,1,0,3.38497,0.442775
48,16,-2,1,0,3.37712,0.437576
49,18,-2,1,0,3.50617,0.464887
50,20,-2,1,0,3.43786,0.443724
51,22,-2,1,0,3.43348,0.431046
52,24,-2,1,0,3.46194,0.425907
53,26,-2,1,0,3.40872,0.438934
54,28,-2,1,0,3.44136,0.433152
55,30,-2,1,0,3.4345,0.429862
56,32,-2,1,0,3.34685,0.446304
57,34,-2,1,0,3.3531,0.446121
58,36,-2,1,0,3.29247,0.439383
59,38,-2,1,0,3.22159,0.446996
60,40,-2,1,0,3.15849,0.441757
61,42,-2,1,0,3.19369,0.438835
62,44,-2,1,0,3.12352,0.441145
63,46,-2,1,0,3.18047,0.420326
64,48,-2,1,0,3.27961,0.465214
65,50,-2,1,0,3.27097,0.440799
66,52,-2,1,0,3.21382,0.429025
67,54,-2,1,0,3.15842,0.439065
68,56,-2,1,0,3.19661,0.419352
69,58,-2,1,0,3.20924,0.444846
70,60,-2,1,0,3.21949,0.43962
71,62,-2,1,0,3.19794,0.424641
72,64,-2,1,0,3.27425,0.43074
73,66,-2,1,0,3.27088,0.439072
74,68,-2,1,0,3.25622,0.431559
75,70,-2,1,0,3.20196,0.434675
76,72,-2,1,0,3.17621,0.427805
77,74,-2,1,0,3.16529,0.436529
78,76,-2,1,0,3.32158,0.462987
79,78,-2,1,0,3.41082,0.440312
80,80,-2,1,0,3.2301,0.4875
81,80,-0,1,0,3.35402,0.482253
82,80,-0,1,0,3.43887,0.250892
83,80,-0,1,0,3.47207,0.216936
84,80,-0,1,0,3.47,0.221668
85,80,-0,1,0,3.47596,0.22838
86,80,-0,1,0,3.49203,0.212661
87,80,-0,1,0,3.53071,0.220464
88,80,-0,1,0,3.50711,0.21598
89,80,-0,1,0,3.52268,0.214108
90,80,-0,1,0,3.48416,0.213895
91,80,-0,1,0,3.49217,0.212235
92,80,-0,1,0,3.56373,0.212331
93,80,-0,1,0,3.55352,0.216651
94,80,-0,1,0,3.55784,0.216702
95,80,-0,1,0,3.53224,0.213275
96,80,-0,1,0,3.49928,0.22424
97,80,-0,1,0,3.48434,0.215709
98,80,-0,1,0,3.52866,0.209163
99,80,-0,1,0,3.56443,0.20901
100,80,-0,1,0,3.53919,0.218887
101,80,-0,1,0,3.51917,0.202432
102,80,-0,1,0,3.51361,0.206897
103,80,-0,1,0,3.52384,0.210513
104,80,-0,1,0,3.52146,0.203625
105,80,-0,1,0,3.50745,0.222715
106,80,-0,1,0,3.51816,0.220242
107,80,-0,1,0,3.49102,0.20866
108,80,-0,1,0,3.50538,0.203181
109,80,-0,1,0,3.54151,0.21784
110,80,-0,1,0,3.55877,0.212156
111,80,-0,1,0,3.51015,0.222594
112,80,-0,1,0,3.51737,0.21164
113,80,-0,1,0,3.5121,0.214226
114,80,-0,1,0,3.50216,0.214592
115,80,-0,1,0,3.50417,0.219983
116,80,-0,1,0,3.50596,0.207608
117,80,-0,1,0,3.53442,0.210106
118,80,-0,1,0,3.51492,0.206666
119,80,-0,1,0,3.50563,0.208909
120,80,-0,1,0,3.52301,0.212157
